/*
Navicat MySQL Data Transfer

Source Server         : MySql - root
Source Server Version : 50616
Source Host           : localhost:3306
Source Database       : bookmark

Target Server Type    : MYSQL
Target Server Version : 50616
File Encoding         : 65001

Date: 2016-05-28 13:41:57
*/

SET FOREIGN_KEY_CHECKS=0;

-- ----------------------------
-- Table structure for `bookmark`
-- ----------------------------
DROP TABLE IF EXISTS `bookmark`;
CREATE TABLE `bookmark` (
  `bid` int(8) unsigned NOT NULL AUTO_INCREMENT,
  `uid` int(8) NOT NULL,
  `title` varchar(32) NOT NULL,
  `url` varchar(256) NOT NULL,
  PRIMARY KEY (`bid`)
) ENGINE=MyISAM AUTO_INCREMENT=245 DEFAULT CHARSET=utf8;

-- ----------------------------
-- Records of bookmark
-- ----------------------------
INSERT INTO `bookmark` VALUES ('1', '2', '素材中國', 'http://www.sucai.com.cn/');
INSERT INTO `bookmark` VALUES ('2', '2', '高端商業圖片PSD', 'http://www.sssccc.net/class/3322_1.shtml');
INSERT INTO `bookmark` VALUES ('3', '2', 'Slideout.js(側邊選單伸縮)', 'https://mango.github.io/slideout/');
INSERT INTO `bookmark` VALUES ('4', '2', '千圖網', 'http://www.58pic.com/');
INSERT INTO `bookmark` VALUES ('5', '2', 'JS插件(Windows+ Scroll Path + Grid', 'http://www.creativebloq.com/jquery/top-jquery-plugins-6133175');
INSERT INTO `bookmark` VALUES ('6', '2', 'Compass環境安裝', 'http://ithelp.ithome.com.tw/question/10128634');
INSERT INTO `bookmark` VALUES ('7', '2', 'WEB RWD各種經驗技巧', 'http://jimmysu.logdown.com/tags/RWD');
INSERT INTO `bookmark` VALUES ('8', '2', 'midnight.js(fullpage換頁JS)', 'http://aerolab.github.io/midnight.js/');
INSERT INTO `bookmark` VALUES ('9', '2', 'DEOCI', 'http://www.deoci.com/');
INSERT INTO `bookmark` VALUES ('10', '2', 'vivus(JS animate)', 'http://maxwellito.github.io/vivus/');
INSERT INTO `bookmark` VALUES ('11', '2', 'image CSS效果', 'http://codepen.io/DavieB/pen/wqovd');
INSERT INTO `bookmark` VALUES ('12', '2', '思緣教程網', 'http://www.missyuan.net/');
INSERT INTO `bookmark` VALUES ('13', '2', 'cinemagraphs局部動態攝影照 with CSS3 EX', 'http://www.creativebloq.com/netmag/create-high-quality-cinemagraphs-css3-and-jquery-11125934');
INSERT INTO `bookmark` VALUES ('14', '2', 'yaco雅酷', 'http://www.yaco.cc/');
INSERT INTO `bookmark` VALUES ('15', '2', 'CSS技巧', 'http://sweeteason.pixnet.net/blog/post/42130394-responsive-web-design-(rwd)-%E9%9F%BF%E6%87%89%E5%BC%8F%E7%B6%B2%E7%AB%99%E9%96%8B%E7%99%BC%E6%95%99%E5%AD%B8%E8%88%87');
INSERT INTO `bookmark` VALUES ('16', '2', 'CSS資訊', 'https://frontendfront.com/');
INSERT INTO `bookmark` VALUES ('17', '2', 'Video Backgrounds', 'https://community.articulate.com/articles/video-backgrounds-visually-engage-learners');
INSERT INTO `bookmark` VALUES ('18', '2', 'templatemonster', 'http://blog.templatemonster.com/');
INSERT INTO `bookmark` VALUES ('19', '2', 'mixin library for Sass.', 'http://bourbon.io/');
INSERT INTO `bookmark` VALUES ('20', '2', 'snapsvg(CSS3 animate效果) EX:http:', 'http://snapsvg.io/');
INSERT INTO `bookmark` VALUES ('21', '2', 'pattern8', 'http://pattern8.com/');
INSERT INTO `bookmark` VALUES ('22', '2', 'Learn technology', 'http://www.lynda.com/');
INSERT INTO `bookmark` VALUES ('23', '2', 'codepen', 'http://codepen.io/xaviersg/');
INSERT INTO `bookmark` VALUES ('24', '2', 'js-grid(可編輯表格)', 'http://js-grid.com/demos/');
INSERT INTO `bookmark` VALUES ('25', '2', 'WEB設計參考', 'https://www.google.com.tw/search?sa=N&hl=zh-TW&biw=1440&bih=731&tbs=simg:CAESyQEaxgELEKjU2AQaAggKDAsQsIynCBpiCmAIAxIo7RedE5sNiwqhEv8HjQrbCLIGigqRPdg91z3nJpA9uCi2PuQ2rTD8Nhowir7resmxMzfGKkCHtDseZjwlcJMI3FaPgDRvZiFesatHaaWcd3AZ0XACLkwFbVzRIAIMCxCOrv4IG ...');
INSERT INTO `bookmark` VALUES ('26', '2', '介紹sass/scss', 'http://blog.visioncan.com/2011/sass-scss-your-css/');
INSERT INTO `bookmark` VALUES ('27', '2', 'jsfiddle(JS效果)', 'https://jsfiddle.net/');
INSERT INTO `bookmark` VALUES ('28', '2', '網頁ui', 'http://www.52523.net/forum.php?mod=viewthread&tid=1240');
INSERT INTO `bookmark` VALUES ('29', '2', 'compass基本模塊說明', 'http://www.ruanyifeng.com/blog/2012/11/compass.html');
INSERT INTO `bookmark` VALUES ('30', '2', 'Huan-Lin 學習筆記', 'http://huan-lin.blogspot.com/search/label/%E7%B6%B2%E9%A0%81%E5%89%8D%E7%AB%AF');
INSERT INTO `bookmark` VALUES ('31', '2', 'Icon Hover Effects', 'http://tympanus.net/Development/IconHoverEffects/#set-1');
INSERT INTO `bookmark` VALUES ('32', '2', '作品網站設計參考', 'http://heliosdesignlabs.com/');
INSERT INTO `bookmark` VALUES ('33', '2', '素材黃頁', 'http://www.114sucai.com/psd/');
INSERT INTO `bookmark` VALUES ('34', '2', '深入解析 CSS Flexbox', 'http://www.oxxostudio.tw/articles/201501/css-flexbox.html');
INSERT INTO `bookmark` VALUES ('35', '2', 'Brochure&Flyer design', 'http://pelfusion.com/brochure-flyer-designing-tips-construction-techniques-examples/');
INSERT INTO `bookmark` VALUES ('36', '2', 'App UI尺寸和用途', 'http://my.oschina.net/u/2252309/blog/402724');
INSERT INTO `bookmark` VALUES ('37', '1', 'pokemon gellery', 'http://www.maplesimulator.com/programs/pokemon-gallery');
INSERT INTO `bookmark` VALUES ('38', '2', 'tabulous(tab標籤)', 'http://jquerycards.com/ui/filter-sort/tabulous-js/');
INSERT INTO `bookmark` VALUES ('39', '2', '網頁設計進階工具-Fiddler', 'http://blog.shanger.net/article.asp?id=246');
INSERT INTO `bookmark` VALUES ('40', '2', '/unitegallery(圖片(影片)播放器)', 'http://unitegallery.net/index.php');
INSERT INTO `bookmark` VALUES ('41', '2', 'gdefon', 'http://cn.gdefon.com/');
INSERT INTO `bookmark` VALUES ('42', '2', '網頁前端技術（資源大雜燴）', 'http://huan-lin.blogspot.com/2013/08/front-end-technologies.html');
INSERT INTO `bookmark` VALUES ('43', '2', '線上分拆合併PDF檔案', 'http://www.ilovepdf.com/zh_tw');
INSERT INTO `bookmark` VALUES ('44', '2', 'JQuery字典', 'http://www.css88.com/jqapi-1.9/');
INSERT INTO `bookmark` VALUES ('45', '2', 'デザイン名刺', 'http://www.i-meisi.com/index.html');
INSERT INTO `bookmark` VALUES ('46', '2', '垂直視差捲動 (PARALLAX SCROLLING)', 'http://www.bondlink.com.tw/WebDesign/market-show.asp?id=271');
INSERT INTO `bookmark` VALUES ('47', '2', 'jQuery Scrollify(一頁式PAGE)', 'http://projects.lukehaas.me/scrollify/#methods-continued');
INSERT INTO `bookmark` VALUES ('48', '2', 'iOS APP UI设计规范', 'http://www.mobileui.cn/app-from-design-draft-to-cut-figure.html');
INSERT INTO `bookmark` VALUES ('49', '2', 'behance(設計參考5)', 'https://www.behance.net/andreyouwes');
INSERT INTO `bookmark` VALUES ('50', '2', '安裝RUBY(ID曹注意)', 'http://lnpcd.blogspot.tw/2012/07/05.html');
INSERT INTO `bookmark` VALUES ('51', '2', '40+ Presentation Folder', 'http://www.andysowards.com/blog/2012/40-epic-presentation-folder-designs/');
INSERT INTO `bookmark` VALUES ('52', '2', 'behance(設計參考2)', 'https://www.behance.net/kennymax');
INSERT INTO `bookmark` VALUES ('53', '1', '漫談css 觀念集', 'http://www.slideshare.net/kurotanshi/css-oocss-smacss-bem');
INSERT INTO `bookmark` VALUES ('54', '2', 'ruby安裝教學', 'http://lee.logdown.com/posts/165890/ruby-on-windows-7-to-install-ruby-on-rails');
INSERT INTO `bookmark` VALUES ('55', '2', 'Pixelbell', 'http://pixelbell.com/page/10/');
INSERT INTO `bookmark` VALUES ('56', '2', 'designspiration', 'http://designspiration.net/');
INSERT INTO `bookmark` VALUES ('57', '2', '.jqueryscript', 'http://www.jqueryscript.net/');
INSERT INTO `bookmark` VALUES ('58', '2', 'CSS 彈跳動畫(CSS3animation)', 'http://www.oxxostudio.tw/articles/201502/css-bounce.html');
INSERT INTO `bookmark` VALUES ('59', '2', 'Cinemagram IN CSS', 'https://gist.github.com/weaver-viii/4178316');
INSERT INTO `bookmark` VALUES ('60', '1', 'unity 聯盟', 'http://www.u3dchina.com/forum.php?mod=forumdisplay&fid=66&filter=typeid&typeid=40&sortid=12');
INSERT INTO `bookmark` VALUES ('61', '2', '40+ Web & Mobile UI Kit', 'http://www.egrappler.com/best-photoshop-psd-web-mobile-ui-kits-for-2014/');
INSERT INTO `bookmark` VALUES ('62', '2', 'CSS別人的筆記', 'http://appsgaga.com/html%E8%88%87-css%E5%AD%B8%E7%BF%92-%E7%B6%B2%E7%AB%99%E8%A8%AD%E8%A8%88%E5%BB%BA%E7%BD%AE%E5%84%AA%E5%8C%96%E4%B9%8B%E9%81%93%E6%98%AF%E4%B8%80%E6%9C%AC%E5%A5%BD%E6%9B%B8%EF%BC%8C%E5%A4%A7%E6%8E%A8/');
INSERT INTO `bookmark` VALUES ('63', '1', 'jQuery - plugin Color Picker', 'http://colpick.com/plugin');
INSERT INTO `bookmark` VALUES ('64', '2', 'web templates-free', 'http://www.wpfreeware.com/tutorial/best-blog-magazine-website-templates-free-premium/');
INSERT INTO `bookmark` VALUES ('65', '2', 'fullPage.js', 'http://alvarotrigo.com/fullPage/#firstPage');
INSERT INTO `bookmark` VALUES ('66', '2', 'CSS 偽元素(after/before)效果', 'http://blog.mukispace.com/pseudo-elements-10-examples/');
INSERT INTO `bookmark` VALUES ('67', '2', '我圖網', 'http://www.ooopic.com/');
INSERT INTO `bookmark` VALUES ('68', '2', 'CSS3做三角形原理', 'http://fundesigner.net/css-triangle/');
INSERT INTO `bookmark` VALUES ('69', '2', 'cgsociety', 'http://www.cgsociety.org/');
INSERT INTO `bookmark` VALUES ('70', '1', 'element Drag / Drop Example', 'http://www.pureexample.com/tw/jquery-ui/6');
INSERT INTO `bookmark` VALUES ('71', '2', 'photoshoptutorials', 'http://www.photoshoptutorials.ws/');
INSERT INTO `bookmark` VALUES ('72', '2', '男丁格爾', 'http://abgne.tw/category/jquery/apply-jquery');
INSERT INTO `bookmark` VALUES ('73', '2', 'free-psd-files', 'http://www.graphicsfuel.com/category/free-psd-files-3/');
INSERT INTO `bookmark` VALUES ('74', '2', 'The best design', 'http://www.thebestdesigns.com/page/2/');
INSERT INTO `bookmark` VALUES ('75', '2', '優設-UISDC', 'http://www.uisdc.com/');
INSERT INTO `bookmark` VALUES ('76', '2', 'BUTTON製作', 'http://html.fwpolice.com/buttons/');
INSERT INTO `bookmark` VALUES ('77', '2', 'モダン空間', 'http://4ki4.cocolog-nifty.com/modern/2009/08/index.html');
INSERT INTO `bookmark` VALUES ('78', '2', 'noupe(pattern)', 'http://www.noupe.com/photoshop/ultimate-round-up-of-free-and-fresh-photoshop-patterns.html');
INSERT INTO `bookmark` VALUES ('79', '1', '狼人 模型', 'http://game.ceeger.com/forum/read.php?tid=2266&fid=22');
INSERT INTO `bookmark` VALUES ('80', '2', 'IOS Android 畫面尺寸', 'http://mei-ui-designer.blogspot.tw/2014/11/ios-android_9.html');
INSERT INTO `bookmark` VALUES ('81', '2', 'vecteezy', 'http://www.vecteezy.com/');
INSERT INTO `bookmark` VALUES ('82', '2', 'awwwards', 'http://www.awwwards.com/websites/architecture/?page=1');
INSERT INTO `bookmark` VALUES ('83', '1', 'js 即時互動 （socket）', 'http://socket.io/');
INSERT INTO `bookmark` VALUES ('84', '1', 'CSS z-index 詳解', 'http://www.neoease.com/css-z-index-property-and-layering-tree/');
INSERT INTO `bookmark` VALUES ('85', '2', 'freepsdfiles', 'http://freepsdfiles.net/tag/holiday-2014?domain=freepsdfiles.net&pos=top');
INSERT INTO `bookmark` VALUES ('86', '2', 'muuuuu網站版型', 'http://muuuuu.org/');
INSERT INTO `bookmark` VALUES ('87', '2', 'Masahiro_flickr', 'https://www.flickr.com/photos/forever5yearsold/');
INSERT INTO `bookmark` VALUES ('88', '2', 'Bourbon 用法', 'http://railscasts.com/episodes/330-better-sass-with-bourbon?autoplay=true');
INSERT INTO `bookmark` VALUES ('89', '2', 'pixel77.', 'http://www.pixel77.com/');
INSERT INTO `bookmark` VALUES ('90', '2', '國際書籍封面設計欣賞', 'http://www.vartcn.com/Article/bzsj/bzzp/200504/631.html');
INSERT INTO `bookmark` VALUES ('91', '2', 'toggle效果 (FAQ)', 'http://jsfiddle.net/capo64/WmAb7/16/');
INSERT INTO `bookmark` VALUES ('92', '2', '50+ Creative Examples of Website', 'http://www.instantshift.com/2012/01/31/50-creative-examples-of-websites-designed-with-html5/');
INSERT INTO `bookmark` VALUES ('93', '2', 'PDF轉檔壓縮用', 'http://smallpdf.com/');
INSERT INTO `bookmark` VALUES ('94', '1', 'Philipp Schmidt(big enviroment p', 'https://www.assetstore.unity3d.com/#/publisher/1311');
INSERT INTO `bookmark` VALUES ('95', '2', 'RWD技巧', 'http://tech.mozilla.com.tw/posts/4759/%E4%B9%9D%E5%80%8B%E9%81%A9%E6%87%89%E6%80%A7%E8%A8%AD%E8%A8%88%E5%B0%8F%E6%92%87%E6%AD%A5%EF%BC%8C%E6%8A%8A%E7%B6%B2%E7%AB%99%E6%89%93%E9%80%A0%E6%88%90%E8%AE%8A%E5%BD%A2%E9%87%91%E5%89%9B');
INSERT INTO `bookmark` VALUES ('96', '2', 'sweetalert(各種彈跳視窗效果)', 'http://t4t5.github.io/sweetalert/');
INSERT INTO `bookmark` VALUES ('97', '2', '精選Dribble ICON', 'http://www.shejidaren.com/dribbble-freebie-icons-2013-spring.html');
INSERT INTO `bookmark` VALUES ('98', '2', 'retaildesignblog', 'http://retaildesignblog.net/');
INSERT INTO `bookmark` VALUES ('99', '2', '幻燈片特效', 'http://www.5icool.org/a/201402/1166.html');
INSERT INTO `bookmark` VALUES ('100', '2', '切圖命名規則', 'http://blog.akanelee.me/posts/161687-app-assets-naming-rule');
INSERT INTO `bookmark` VALUES ('101', '2', '些基本的SCSS語法', 'http://demo.tc/post/748');
INSERT INTO `bookmark` VALUES ('102', '2', 'vectorportal', 'http://www.vectorportal.com/');
INSERT INTO `bookmark` VALUES ('103', '2', 'APP設計(雙數單位原則)', 'https://heywesley.wordpress.com/2015/05/15/detail-of-slice-1px-never-disapper/');
INSERT INTO `bookmark` VALUES ('104', '0', '簡繁轉換', 'http://blog.xuite.net/tolarku/blog/133644882-%E7%B6%B2%E9%A0%81%E7%B9%81%E9%AB%94%E3%80%81%E7%B0%A1%E9%AB%94%E4%BA%92%E6%8F%9B%E7%9A%84%E6%96%B9%E5%BC%8F+-+JavaScript');
INSERT INTO `bookmark` VALUES ('105', '1', 'Regex Tool', 'http://www.regextester.com/15');
INSERT INTO `bookmark` VALUES ('106', '2', 'influense', 'http://www.influense.co.uk/design/marketing-literature');
INSERT INTO `bookmark` VALUES ('107', '2', 'illust(hotmail,密碼pttID)', 'http://www.ac-illust.com/');
INSERT INTO `bookmark` VALUES ('108', '2', '日式無料素材商用網站', 'http://liskul.com/highquality-iconillust-free-2240');
INSERT INTO `bookmark` VALUES ('109', '2', 'dribbble', 'https://dribbble.com/');
INSERT INTO `bookmark` VALUES ('110', '2', '2種有趣的CSS陰影文字', 'http://www.arno.tw/12-fun-css-text-shadows/');
INSERT INTO `bookmark` VALUES ('111', '1', 'CSS 邊框', 'http://blog.huayuworld.org/hcc928/13067/2009/05/12/24490');
INSERT INTO `bookmark` VALUES ('112', '2', 'CSS三角型產生器', 'http://apps.eky.hk/css-triangle-generator/');
INSERT INTO `bookmark` VALUES ('113', '2', 'PDFOnline(PDF轉WORD)', 'http://www.pdfonline.com/');
INSERT INTO `bookmark` VALUES ('114', '1', '3D軟體 messiah', 'http://www.projectmessiah.com/x6/download.html');
INSERT INTO `bookmark` VALUES ('115', '2', 'psd-freebies', 'http://freebiesbug.com/psd-freebies/');
INSERT INTO `bookmark` VALUES ('116', '2', 'Reactjs 大解密', 'http://andyyou.logdown.com/posts/234130-reactjs-reactjs-decrypt');
INSERT INTO `bookmark` VALUES ('117', '2', 'ps火焰字', 'http://www.16xx8.com/photoshop/jiaocheng/107644_all.html');
INSERT INTO `bookmark` VALUES ('118', '2', '50-amazing-jquery-', 'http://tutorialzine.com/2013/04/50-amazing-jquery-plugins/');
INSERT INTO `bookmark` VALUES ('119', '1', 'favicon 產生器', 'http://www.favicon.cc/?');
INSERT INTO `bookmark` VALUES ('120', '2', 'subtlepatterns', 'http://subtlepatterns.com/');
INSERT INTO `bookmark` VALUES ('121', '2', 'Ezoapp線上frame UI', 'http://jqmdesigner.appspot.com/designer.html#id=1456223668581&view=design');
INSERT INTO `bookmark` VALUES ('122', '2', 'jeanmooreart(texture)', 'http://jeanmooreart.blogspot.tw/');
INSERT INTO `bookmark` VALUES ('123', '2', 'iphone UI尺寸', 'http://stackoverflow.com/questions/27651994/ios-full-screen-background-image-for-all-screen-sizes');
INSERT INTO `bookmark` VALUES ('124', '2', 'iPhone UI尺寸', 'http://www.idev101.com/code/User_Interface/sizes.html');
INSERT INTO `bookmark` VALUES ('125', '1', 'Shader 下載', 'http://game.ceeger.com/forum/read.php?tid=15975&fid=8');
INSERT INTO `bookmark` VALUES ('126', '2', 'resplashed', 'http://www.resplashed.com/');
INSERT INTO `bookmark` VALUES ('127', '2', 'WEB free-goods', 'https://creativemarket.com/free-goods');
INSERT INTO `bookmark` VALUES ('128', '2', '站酷', 'http://www.zcool.com.cn/');
INSERT INTO `bookmark` VALUES ('129', '1', 'iTween Document', 'http://itween.pixelplacement.com/documentation.php');
INSERT INTO `bookmark` VALUES ('130', '2', 'PHOTO IMAGE', 'http://www.gettyimages.com/');
INSERT INTO `bookmark` VALUES ('131', '2', '廣告輪播特效', 'http://www.minwt.com/html/5031.html');
INSERT INTO `bookmark` VALUES ('132', '2', '用強大的compass+sass寫css', 'http://blog.visioncan.com/2011/compass-sass-your-css/');
INSERT INTO `bookmark` VALUES ('133', '2', '圖片CSS 淡入淡出效果切換', 'http://codepen.io/leemark/pen/vzCdo');
INSERT INTO `bookmark` VALUES ('134', '1', 'unicode table', 'http://unicode-table.com/en/');
INSERT INTO `bookmark` VALUES ('135', '1', '300 個套件下載', 'http://game.ceeger.com/forum/read.php?tid=17838');
INSERT INTO `bookmark` VALUES ('136', '2', 'photoshop-plugins', 'http://wefunction.com/15-of-the-best-time-saving-photoshop-plugins/');
INSERT INTO `bookmark` VALUES ('137', '2', 'pinterest', 'https://www.pinterest.com/');
INSERT INTO `bookmark` VALUES ('138', '1', 'jQuery UI Documentation', 'http://api.jqueryui.com/draggable/#event-stop');
INSERT INTO `bookmark` VALUES ('139', '2', '圖酷COOL', 'http://www.pic51.com/');
INSERT INTO `bookmark` VALUES ('140', '1', 'sublime 推薦套件', 'http://blog.miniasp.com/post/2014/01/07/Useful-tool-Sublime-Text-3-Quick-Start.aspx');
INSERT INTO `bookmark` VALUES ('141', '1', 'unity 盛典(中國)', 'http://game.ceeger.com/forum/index.php?c=cate&fid=6');
INSERT INTO `bookmark` VALUES ('142', '2', '20-professional-folder', 'http://blog.uprinting.com/20-professional-presentation-folder-designs/');
INSERT INTO `bookmark` VALUES ('143', '2', '懶人圖庫', 'http://www.lanrentuku.com/');
INSERT INTO `bookmark` VALUES ('144', '2', 'Davidairey.', 'http://www.davidairey.com/');
INSERT INTO `bookmark` VALUES ('145', '1', '新增字串搜尋', '');
INSERT INTO `bookmark` VALUES ('146', '2', '雲素材', 'http://www.yunsc.com/');
INSERT INTO `bookmark` VALUES ('147', '2', '50 Seamless Subtle Grunge Patter', 'https://creativemarket.com/liammckay/3266-50-Seamless-Subtle-Grunge-Patterns');
INSERT INTO `bookmark` VALUES ('148', '2', 'ReactJS Examples', 'https://react.rocks/?show=60');
INSERT INTO `bookmark` VALUES ('149', '2', 'photoshop-patterns', 'http://www.cruzine.com/2010/06/25/professional-photoshop-patterns/');
INSERT INTO `bookmark` VALUES ('150', '2', 'gettyimages', 'http://www.gettyimages.com/');
INSERT INTO `bookmark` VALUES ('151', '2', 'deviantART', 'http://www.deviantart.com/');
INSERT INTO `bookmark` VALUES ('152', '2', 'envatomarket(要錢WEB設計)', 'http://market.envato.com/?_ga=1.236425153.1748212223.1446356828');
INSERT INTO `bookmark` VALUES ('153', '2', 'flaticon', 'http://www.flaticon.com/');
INSERT INTO `bookmark` VALUES ('154', '2', 'behance', 'http://www.behance.net/');
INSERT INTO `bookmark` VALUES ('155', '0', 'exosite', 'http://www.exosite.com');
INSERT INTO `bookmark` VALUES ('156', '2', 'http://duckfiles.com/', 'duckfiles');
INSERT INTO `bookmark` VALUES ('157', '2', 'webcreatorbox', 'http://www.webcreatorbox.com/');
INSERT INTO `bookmark` VALUES ('158', '1', '搜尋中點擊標籤即可選取，且會特別顯示（在header）', '');
INSERT INTO `bookmark` VALUES ('159', '2', '嫁給RD的UI', 'http://blog.akanelee.me/posts/190997-a-beginners-mockup');
INSERT INTO `bookmark` VALUES ('160', '2', 'webtreats', 'http://webtreats.mysitemyway.com/');
INSERT INTO `bookmark` VALUES ('161', '2', 'Sublime Text 3: Setup, Package C', 'https://www.youtube.com/watch?v=zVLJfrIwEP8');
INSERT INTO `bookmark` VALUES ('162', '2', 'js-plugins-and-libraries(dynamic', 'http://www.cssdesignawards.com/articles/best-js-plugins-and-libraries-of-2015/267/');
INSERT INTO `bookmark` VALUES ('163', '2', 'jquery-ui-', 'http://job.achi.idv.tw/2010/02/05/jquery-ui-getting-started/');
INSERT INTO `bookmark` VALUES ('164', '2', 'webdesignledger', 'http://webdesignledger.com/');
INSERT INTO `bookmark` VALUES ('165', '2', 'cssdec(CSS效果)', 'http://cssdeck.com/picks/2');
INSERT INTO `bookmark` VALUES ('166', '2', 'codepen', 'http://codepen.io/');
INSERT INTO `bookmark` VALUES ('167', '2', 'APP-UI-PSD', 'http://www.graphicsfuel.com/2014/02/15-free-mobile-app-ui-psd-kits/');
INSERT INTO `bookmark` VALUES ('168', '1', '全職業介紹', 'http://forum.gamer.com.tw/C.php?bsn=13211&snA=117807&tnum=301');
INSERT INTO `bookmark` VALUES ('169', '1', 'model 複寫 建構子', '');
INSERT INTO `bookmark` VALUES ('170', '2', '給開發者的網頁技術', 'https://developer.mozilla.org/zh-TW/docs/Web');
INSERT INTO `bookmark` VALUES ('171', '2', 'fontpark', 'http://www.fontpark.net/en/#');
INSERT INTO `bookmark` VALUES ('172', '1', 'jQuery Document', 'http://api.jquery.com/');
INSERT INTO `bookmark` VALUES ('173', '2', 'file檔案上傳按鈕CSS', 'http://codepen.io/corysimmons/pen/DtqKp');
INSERT INTO `bookmark` VALUES ('174', '2', 'CSS z-index 属性层级树的概念', 'http://www.neoease.com/css-z-index-property-and-layering-tree/');
INSERT INTO `bookmark` VALUES ('175', '2', '220seamless-patterns', 'http://inspiredm.com/220-must-seamless-patterns-website-backgrounds/');
INSERT INTO `bookmark` VALUES ('176', '2', 'fbrushes', 'http://fbrushes.com/brushes/premium/');
INSERT INTO `bookmark` VALUES ('177', '2', '百度文庫', 'http://wenku.baidu.com/?fr=logo');
INSERT INTO `bookmark` VALUES ('178', '2', 'web-design-inspiration', 'http://www.downgraf.com/inspiration/weekly-web-design-inspiration-16/');
INSERT INTO `bookmark` VALUES ('179', '2', 'pixabay', 'http://pixabay.com/');
INSERT INTO `bookmark` VALUES ('180', '2', 'psd-website', 'http://designscrazed.org/free-photoshop-psd-website-templates/');
INSERT INTO `bookmark` VALUES ('181', '2', 'HIGH PHOTO', 'https://unsplash.com/');
INSERT INTO `bookmark` VALUES ('182', '2', '123rf', 'http://tw.123rf.com/');
INSERT INTO `bookmark` VALUES ('183', '2', '少見的3D小人', 'http://www.colourbox.com/supplier/sellingpix-6573');
INSERT INTO `bookmark` VALUES ('184', '2', 'unsplas', 'https://unsplash.com/');
INSERT INTO `bookmark` VALUES ('185', '2', 'freepik', 'http://cn.freepik.com/');
INSERT INTO `bookmark` VALUES ('186', '2', 'iphone-6-plus尺寸', 'http://www.creativeworkline.com/2014/09/designing-for-apple-iphone-6-and-iphone-6-plus/');
INSERT INTO `bookmark` VALUES ('187', '0', 'PS夢工廠', 'http://www.psdreamworks.com/');
INSERT INTO `bookmark` VALUES ('188', '2', 'behance(設計參考3)', 'https://www.behance.net/syobht02');
INSERT INTO `bookmark` VALUES ('189', '2', 'vector4free', 'http://vector4free.com/');
INSERT INTO `bookmark` VALUES ('190', '2', 'Sublime-Text-3快捷鍵', 'http://www.cnblogs.com/bananaplan/p/Sublime-Text-3-Powerful.html');
INSERT INTO `bookmark` VALUES ('191', '1', 'JSON Editor', 'http://www.jsoneditoronline.org/');
INSERT INTO `bookmark` VALUES ('192', '2', 'HTML5介紹投影片', 'http://layout.hinablue.me/#slide1');
INSERT INTO `bookmark` VALUES ('193', '1', 'CSS 陰影教學', 'http://boohover.pixnet.net/blog/post/35116159-%E9%99%B0%E5%BD%B1%E6%95%88%E6%9E%9C%E5%8F%8A%E5%85%89%E6%9A%88%E6%95%88%E6%9E%9C%E7%9A%84-box-shadow-(css-property)');
INSERT INTO `bookmark` VALUES ('194', '2', 'sublime-Plugins推薦', 'https://github.com/jikeytang/sublime-text');
INSERT INTO `bookmark` VALUES ('195', '2', 'iphone UI 設計尺寸', 'http://fecbob.pixnet.net/blog/post/43049896-iphone%E5%92%8Cipad,ios-ui%E8%A8%AD%E8%A8%88%E7%9A%84%E6%99%82%E5%80%99%E5%B0%BA%E5%AF%B8interface-size');
INSERT INTO `bookmark` VALUES ('196', '2', 'Logo參考', 'http://www.deviantart.com/morelikethis/55931318');
INSERT INTO `bookmark` VALUES ('197', '2', '.freebrusharchive', 'http://www.freebrusharchive.com/');
INSERT INTO `bookmark` VALUES ('198', '2', 'JS animate(網頁動畫)', 'https://greensock.com/');
INSERT INTO `bookmark` VALUES ('199', '2', '黑板製作過程', 'http://www.jb51.net/photoshop/33040.html');
INSERT INTO `bookmark` VALUES ('200', '1', 'lowpoly characters', 'https://www.assetstore.unity3d.com/en/#!/publisher/5245');
INSERT INTO `bookmark` VALUES ('201', '2', '12款 jQuery 圖片輪播插件', 'http://www.hksilicon.com/kb/articles/110277/12-jQuery');
INSERT INTO `bookmark` VALUES ('202', '2', 'banner64', 'http://huaban.com/boards/3056216/');
INSERT INTO `bookmark` VALUES ('203', '2', '前端工程師基本必備', 'http://kimix.name/%E5%A6%82%E4%BD%95%E6%88%90%E7%82%BA%E5%89%8D%E7%AB%AF%E5%B7%A5%E7%A8%8B%E5%B8%AB/');
INSERT INTO `bookmark` VALUES ('204', '2', 'loading 動畫 js', 'http://joaopereirawd.github.io/fakeLoader.js/');
INSERT INTO `bookmark` VALUES ('205', '2', 'iconpng', 'http://www.iconpng.com/');
INSERT INTO `bookmark` VALUES ('206', '2', 'JS Slide效果theme', 'http://www.sequencejs.com/themes/');
INSERT INTO `bookmark` VALUES ('207', '2', 'Graphicsfuel', 'http://www.graphicsfuel.com/');
INSERT INTO `bookmark` VALUES ('208', '2', 'Downloadpsd', 'http://downloadpsd.com/');
INSERT INTO `bookmark` VALUES ('209', '2', 'ChinaZ', 'http://sc.chinaz.com/psd/');
INSERT INTO `bookmark` VALUES ('210', '2', 'border 兩邊漸層消失效果', 'http://codepen.io/murphyrandle/pen/bAjBi');
INSERT INTO `bookmark` VALUES ('211', '2', 'Multifocal彩色球', 'http://coopervision.com/contact-lenses');
INSERT INTO `bookmark` VALUES ('212', '2', 'image CSS(after/before)效果', 'http://codepen.io/ravenous/pen/ygCGH');
INSERT INTO `bookmark` VALUES ('213', '2', '各種前端應用推薦', 'http://www.oxxostudio.tw/');
INSERT INTO `bookmark` VALUES ('214', '2', 'behance(設計參考7)', 'https://www.behance.net/AugusChen');
INSERT INTO `bookmark` VALUES ('215', '2', '--------Line-title--------效果', 'http://jsfiddle.net/KyleMit/XWVxk/499/');
INSERT INTO `bookmark` VALUES ('216', '2', 'CSS 基礎技巧懶人包( before, after 技巧)', 'http://blog.xdite.net/posts/2012/01/29/css-tricks-summary');
INSERT INTO `bookmark` VALUES ('217', '2', '素彩網', 'http://www.sc115.com/');
INSERT INTO `bookmark` VALUES ('218', '2', 'CSS各種置中', 'http://pjchender.blogspot.tw/2015/04/css_15.html');
INSERT INTO `bookmark` VALUES ('219', '2', 'tipso(注解標籤)', 'http://tipso.object505.com/');
INSERT INTO `bookmark` VALUES ('220', '2', '10 Plugins Video Backgrounds', 'http://marketblog.envato.com/resources/plugins-video-backgrounds/');
INSERT INTO `bookmark` VALUES ('221', '2', 'behance(設計參考4)', 'https://www.behance.net/plateastudio');
INSERT INTO `bookmark` VALUES ('222', '2', '提升撰寫HTML、DIV+CSS工作效率的六種方法', 'http://sam0512.blogspot.tw/2012/09/csshtml.html');
INSERT INTO `bookmark` VALUES ('223', '2', '85 Mockups PSD', 'http://pixelbell.com/free-psd-mockups/');
INSERT INTO `bookmark` VALUES ('224', '2', '保哥的技術交流', 'http://blog.miniasp.com/category/CSS.aspx');
INSERT INTO `bookmark` VALUES ('225', '2', 'PENSHOW筆秀網', 'http://www.penshow.cn/');
INSERT INTO `bookmark` VALUES ('226', '2', 'psd_EGrappler', 'http://www.egrappler.com/tag/psd/');
INSERT INTO `bookmark` VALUES ('227', '2', 'Magic Animations CSS3(換片動畫)', 'http://www.minimamente.com/example/magic_animations/');
INSERT INTO `bookmark` VALUES ('228', '2', '86ps', 'http://www.86ps.com/psd/');
INSERT INTO `bookmark` VALUES ('229', '0', '懶人圖庫', 'http://www.lanrentuku.com/');
INSERT INTO `bookmark` VALUES ('230', '2', 'Codecademy CSS 教學筆記', 'http://violin-tao.blogspot.tw/2014/03/lab-codecademy-css-1.html');
INSERT INTO `bookmark` VALUES ('231', '2', 'graphicburger', 'http://graphicburger.com/');
INSERT INTO `bookmark` VALUES ('232', '2', 'Sublime Text2安裝SASS', 'http://www.minwt.com/webdesign-dev/html/10003.html');
INSERT INTO `bookmark` VALUES ('233', '2', '各式UI設計尺寸大全', 'http://www.uigreat.com/guifan/');
INSERT INTO `bookmark` VALUES ('234', '2', 'JS Plugin –教學', 'http://macloudlab.tw/');
INSERT INTO `bookmark` VALUES ('235', '2', 'web templated', 'http://templated.co/');
INSERT INTO `bookmark` VALUES ('236', '2', 'behance(設計參考6)', 'https://www.behance.net/Leeming');
INSERT INTO `bookmark` VALUES ('237', '2', '圖片效果(彈跳視窗)', 'http://www.oriongunning.com/demo/gridder-ajax/demo.php?item=item-69');
INSERT INTO `bookmark` VALUES ('238', '2', 'GD_Cool Business Card', 'http://www.allgraphicdesign.com/graphicsblog/2009/02/15/more-cool-business-cards-business-card-layout-design-part-5/');
INSERT INTO `bookmark` VALUES ('239', '2', 'behance(設計參考1)', 'https://www.behance.net/Ian_Wang');
INSERT INTO `bookmark` VALUES ('240', '2', '60 incredible Flat Icon', 'http://pixelbell.com/60-incredible-free-flat-icon-sets-for-designers/');
INSERT INTO `bookmark` VALUES ('241', '2', 'GreenSock(JS動畫軟體教學)', 'http://www.slideshare.net/jollen/moko365-foxconn-javascriptui');
INSERT INTO `bookmark` VALUES ('242', '2', '十大CSS技巧', 'http://blog.wu-boy.com/2014/01/10-great-css-tips-for-every-web-developer/');
INSERT INTO `bookmark` VALUES ('243', '2', 'Free WEB Themes', 'https://www.codexcoder.com/');
INSERT INTO `bookmark` VALUES ('244', '2', 'CSS-tutorial', 'http://tutorialzine.com/');

-- ----------------------------
-- Table structure for `tag`
-- ----------------------------
DROP TABLE IF EXISTS `tag`;
CREATE TABLE `tag` (
  `tid` int(8) unsigned NOT NULL AUTO_INCREMENT,
  `uid` int(8) unsigned NOT NULL,
  `title` varchar(16) NOT NULL,
  `bg_color` varchar(8) NOT NULL DEFAULT 'FFFFFF',
  `font_color` varchar(8) NOT NULL DEFAULT '000000',
  PRIMARY KEY (`tid`)
) ENGINE=MyISAM AUTO_INCREMENT=56 DEFAULT CHARSET=utf8;

-- ----------------------------
-- Records of tag
-- ----------------------------
INSERT INTO `tag` VALUES ('1', '2', 'PS筆刷', 'eeeeee', '0781fa');
INSERT INTO `tag` VALUES ('2', '2', '★', 'eeeeee', '1430ff');
INSERT INTO `tag` VALUES ('3', '2', 'UI', '8c008c', 'fa07cd');
INSERT INTO `tag` VALUES ('4', '0', '千圖網', 'eeeeee', '0781fa');
INSERT INTO `tag` VALUES ('5', '0', 'EGrapple', 'eeeeee', '0781fa');
INSERT INTO `tag` VALUES ('6', '2', 'Behance', '3fb7eb', 'ffffff');
INSERT INTO `tag` VALUES ('7', '1', '願望清單', '0095ff', '00f7ff');
INSERT INTO `tag` VALUES ('8', '1', 'css', 'eeeeee', '0781fa');
INSERT INTO `tag` VALUES ('9', '1', 'Unity', 'ffffff', 'ffffff');
INSERT INTO `tag` VALUES ('10', '2', '手冊', 'eeeeee', '0781fa');
INSERT INTO `tag` VALUES ('11', '2', 'Pixelbel', 'eeeeee', '0781fa');
INSERT INTO `tag` VALUES ('12', '2', 'CSS', '4affd5', '047bdb');
INSERT INTO `tag` VALUES ('13', '2', 'Icon', 'eeeeee', '0781fa');
INSERT INTO `tag` VALUES ('14', '2', '傳單', 'eeeeee', '0781fa');
INSERT INTO `tag` VALUES ('15', '0', 'APP', 'eeeeee', 'e00de0');
INSERT INTO `tag` VALUES ('16', '2', '@mixin', '4d0e8c', 'f2c81d');
INSERT INTO `tag` VALUES ('17', '2', '簡報PPT', 'eeeeee', '0781fa');
INSERT INTO `tag` VALUES ('18', '2', '名片', 'eeeeee', '0781fa');
INSERT INTO `tag` VALUES ('19', '1', 'IDE', '00d9ff', 'b700ff');
INSERT INTO `tag` VALUES ('20', '0', 'jQuery', '85c8ff', 'ffffff');
INSERT INTO `tag` VALUES ('21', '2', 'Jquery', 'ffe83b', '909912');
INSERT INTO `tag` VALUES ('22', '2', 'WEB', 'ffa42e', '000000');
INSERT INTO `tag` VALUES ('23', '2', '矢量素材網站', 'eeeeee', '0781fa');
INSERT INTO `tag` VALUES ('24', '1', 'Bug', 'ffffff', 'f55f5f');
INSERT INTO `tag` VALUES ('25', '0', '知識', 'eeeeee', '56c20e');
INSERT INTO `tag` VALUES ('26', '2', 'font字型', 'eeeeee', '0781fa');
INSERT INTO `tag` VALUES ('27', '2', 'deviantA', 'eeeeee', '0781fa');
INSERT INTO `tag` VALUES ('28', '2', '網頁前端', 'eeeeee', '000000');
INSERT INTO `tag` VALUES ('29', '2', '設計參考', 'eeeeee', '0781fa');
INSERT INTO `tag` VALUES ('30', '1', 'web', 'eeeeee', '000000');
INSERT INTO `tag` VALUES ('31', '2', 'SASS/SCS', 'ecff99', 'ad13a3');
INSERT INTO `tag` VALUES ('32', '1', '3D模型', 'ff94cf', 'ff00aa');
INSERT INTO `tag` VALUES ('33', '0', '旅遊', 'eeeeee', 'e322e3');
INSERT INTO `tag` VALUES ('34', '1', 'javascript', 'a90000', 'ff8000');
INSERT INTO `tag` VALUES ('35', '2', '教學', 'eeeeee', '0781fa');
INSERT INTO `tag` VALUES ('36', '1', 'Document', 'ffffff', '001eff');
INSERT INTO `tag` VALUES ('37', '1', '功能要求', 'ffffff', '000000');
INSERT INTO `tag` VALUES ('38', '2', '★', 'eeeeee', 'ad0028');
INSERT INTO `tag` VALUES ('39', '2', '工具', 'de1645', 'ffda94');
INSERT INTO `tag` VALUES ('40', '2', '手機平板電腦', 'eeeeee', '0781fa');
INSERT INTO `tag` VALUES ('41', '2', 'JS', '1212db', 'ffa6ff');
INSERT INTO `tag` VALUES ('42', '0', '★', 'ffffff', 'ffc400');
INSERT INTO `tag` VALUES ('43', '2', '圖片相片素材', 'eeeeee', '0781fa');
INSERT INTO `tag` VALUES ('44', '2', 'HTML5', 'eeeeee', '000000');
INSERT INTO `tag` VALUES ('45', '2', 'PS素材網站', 'eeeeee', '0781fa');
INSERT INTO `tag` VALUES ('46', '2', 'APP', '618716', '47ff6f');
INSERT INTO `tag` VALUES ('47', '2', 'ZCOOL', 'eeeeee', '0781fa');
INSERT INTO `tag` VALUES ('48', '2', 'Logo', 'eeeeee', '0781fa');
INSERT INTO `tag` VALUES ('49', '0', 'WEB', 'eeeeee', '0781fa');
INSERT INTO `tag` VALUES ('50', '1', '(Sample)', 'ffffff', '000000');
INSERT INTO `tag` VALUES ('51', '1', '(Sample)', 'ffffff', '000000');

-- ----------------------------
-- Table structure for `tag_on`
-- ----------------------------
DROP TABLE IF EXISTS `tag_on`;
CREATE TABLE `tag_on` (
  `bid` int(10) unsigned NOT NULL,
  `tid` int(10) unsigned NOT NULL
) ENGINE=MyISAM DEFAULT CHARSET=latin1 COLLATE=latin1_general_ci;

-- ----------------------------
-- Records of tag_on
-- ----------------------------
INSERT INTO `tag_on` VALUES ('1', '45');
INSERT INTO `tag_on` VALUES ('1', '17');
INSERT INTO `tag_on` VALUES ('1', '29');
INSERT INTO `tag_on` VALUES ('2', '43');
INSERT INTO `tag_on` VALUES ('3', '41');
INSERT INTO `tag_on` VALUES ('3', '39');
INSERT INTO `tag_on` VALUES ('4', '23');
INSERT INTO `tag_on` VALUES ('5', '41');
INSERT INTO `tag_on` VALUES ('5', '39');
INSERT INTO `tag_on` VALUES ('6', '38');
INSERT INTO `tag_on` VALUES ('6', '23');
INSERT INTO `tag_on` VALUES ('6', '31');
INSERT INTO `tag_on` VALUES ('6', '35');
INSERT INTO `tag_on` VALUES ('6', '39');
INSERT INTO `tag_on` VALUES ('6', '2');
INSERT INTO `tag_on` VALUES ('7', '35');
INSERT INTO `tag_on` VALUES ('7', '38');
INSERT INTO `tag_on` VALUES ('7', '39');
INSERT INTO `tag_on` VALUES ('7', '3');
INSERT INTO `tag_on` VALUES ('7', '28');
INSERT INTO `tag_on` VALUES ('7', '22');
INSERT INTO `tag_on` VALUES ('7', '2');
INSERT INTO `tag_on` VALUES ('8', '41');
INSERT INTO `tag_on` VALUES ('8', '39');
INSERT INTO `tag_on` VALUES ('9', '29');
INSERT INTO `tag_on` VALUES ('10', '41');
INSERT INTO `tag_on` VALUES ('10', '39');
INSERT INTO `tag_on` VALUES ('10', '38');
INSERT INTO `tag_on` VALUES ('11', '12');
INSERT INTO `tag_on` VALUES ('12', '45');
INSERT INTO `tag_on` VALUES ('12', '29');
INSERT INTO `tag_on` VALUES ('13', '12');
INSERT INTO `tag_on` VALUES ('13', '39');
INSERT INTO `tag_on` VALUES ('14', '23');
INSERT INTO `tag_on` VALUES ('14', '45');
INSERT INTO `tag_on` VALUES ('15', '35');
INSERT INTO `tag_on` VALUES ('15', '12');
INSERT INTO `tag_on` VALUES ('15', '38');
INSERT INTO `tag_on` VALUES ('16', '12');
INSERT INTO `tag_on` VALUES ('16', '28');
INSERT INTO `tag_on` VALUES ('16', '29');
INSERT INTO `tag_on` VALUES ('16', '10');
INSERT INTO `tag_on` VALUES ('17', '38');
INSERT INTO `tag_on` VALUES ('17', '41');
INSERT INTO `tag_on` VALUES ('17', '39');
INSERT INTO `tag_on` VALUES ('17', '12');
INSERT INTO `tag_on` VALUES ('18', '29');
INSERT INTO `tag_on` VALUES ('18', '38');
INSERT INTO `tag_on` VALUES ('18', '22');
INSERT INTO `tag_on` VALUES ('18', '3');
INSERT INTO `tag_on` VALUES ('18', '45');
INSERT INTO `tag_on` VALUES ('18', '23');
INSERT INTO `tag_on` VALUES ('19', '38');
INSERT INTO `tag_on` VALUES ('19', '39');
INSERT INTO `tag_on` VALUES ('19', '16');
INSERT INTO `tag_on` VALUES ('19', '41');
INSERT INTO `tag_on` VALUES ('20', '38');
INSERT INTO `tag_on` VALUES ('20', '12');
INSERT INTO `tag_on` VALUES ('20', '39');
INSERT INTO `tag_on` VALUES ('20', '2');
INSERT INTO `tag_on` VALUES ('22', '38');
INSERT INTO `tag_on` VALUES ('22', '35');
INSERT INTO `tag_on` VALUES ('22', '39');
INSERT INTO `tag_on` VALUES ('22', '28');
INSERT INTO `tag_on` VALUES ('22', '21');
INSERT INTO `tag_on` VALUES ('22', '3');
INSERT INTO `tag_on` VALUES ('23', '38');
INSERT INTO `tag_on` VALUES ('23', '39');
INSERT INTO `tag_on` VALUES ('23', '22');
INSERT INTO `tag_on` VALUES ('23', '21');
INSERT INTO `tag_on` VALUES ('23', '12');
INSERT INTO `tag_on` VALUES ('23', '29');
INSERT INTO `tag_on` VALUES ('23', '28');
INSERT INTO `tag_on` VALUES ('24', '41');
INSERT INTO `tag_on` VALUES ('24', '39');
INSERT INTO `tag_on` VALUES ('25', '22');
INSERT INTO `tag_on` VALUES ('25', '29');
INSERT INTO `tag_on` VALUES ('25', '3');
INSERT INTO `tag_on` VALUES ('26', '31');
INSERT INTO `tag_on` VALUES ('26', '35');
INSERT INTO `tag_on` VALUES ('26', '10');
INSERT INTO `tag_on` VALUES ('27', '38');
INSERT INTO `tag_on` VALUES ('27', '39');
INSERT INTO `tag_on` VALUES ('27', '41');
INSERT INTO `tag_on` VALUES ('27', '28');
INSERT INTO `tag_on` VALUES ('27', '2');
INSERT INTO `tag_on` VALUES ('28', '3');
INSERT INTO `tag_on` VALUES ('29', '35');
INSERT INTO `tag_on` VALUES ('29', '31');
INSERT INTO `tag_on` VALUES ('29', '10');
INSERT INTO `tag_on` VALUES ('30', '28');
INSERT INTO `tag_on` VALUES ('31', '12');
INSERT INTO `tag_on` VALUES ('31', '38');
INSERT INTO `tag_on` VALUES ('31', '39');
INSERT INTO `tag_on` VALUES ('32', '29');
INSERT INTO `tag_on` VALUES ('32', '38');
INSERT INTO `tag_on` VALUES ('32', '28');
INSERT INTO `tag_on` VALUES ('33', '45');
INSERT INTO `tag_on` VALUES ('34', '38');
INSERT INTO `tag_on` VALUES ('34', '12');
INSERT INTO `tag_on` VALUES ('34', '39');
INSERT INTO `tag_on` VALUES ('34', '3');
INSERT INTO `tag_on` VALUES ('34', '28');
INSERT INTO `tag_on` VALUES ('35', '14');
INSERT INTO `tag_on` VALUES ('35', '10');
INSERT INTO `tag_on` VALUES ('35', '29');
INSERT INTO `tag_on` VALUES ('36', '3');
INSERT INTO `tag_on` VALUES ('36', '46');
INSERT INTO `tag_on` VALUES ('37', '9');
INSERT INTO `tag_on` VALUES ('38', '41');
INSERT INTO `tag_on` VALUES ('38', '39');
INSERT INTO `tag_on` VALUES ('39', '28');
INSERT INTO `tag_on` VALUES ('40', '41');
INSERT INTO `tag_on` VALUES ('40', '39');
INSERT INTO `tag_on` VALUES ('41', '43');
INSERT INTO `tag_on` VALUES ('42', '28');
INSERT INTO `tag_on` VALUES ('43', '38');
INSERT INTO `tag_on` VALUES ('43', '39');
INSERT INTO `tag_on` VALUES ('43', '2');
INSERT INTO `tag_on` VALUES ('44', '21');
INSERT INTO `tag_on` VALUES ('44', '38');
INSERT INTO `tag_on` VALUES ('45', '18');
INSERT INTO `tag_on` VALUES ('45', '29');
INSERT INTO `tag_on` VALUES ('46', '38');
INSERT INTO `tag_on` VALUES ('46', '41');
INSERT INTO `tag_on` VALUES ('46', '39');
INSERT INTO `tag_on` VALUES ('46', '28');
INSERT INTO `tag_on` VALUES ('47', '41');
INSERT INTO `tag_on` VALUES ('47', '21');
INSERT INTO `tag_on` VALUES ('47', '39');
INSERT INTO `tag_on` VALUES ('48', '3');
INSERT INTO `tag_on` VALUES ('48', '46');
INSERT INTO `tag_on` VALUES ('48', '38');
INSERT INTO `tag_on` VALUES ('49', '6');
INSERT INTO `tag_on` VALUES ('49', '29');
INSERT INTO `tag_on` VALUES ('50', '31');
INSERT INTO `tag_on` VALUES ('50', '35');
INSERT INTO `tag_on` VALUES ('51', '10');
INSERT INTO `tag_on` VALUES ('51', '29');
INSERT INTO `tag_on` VALUES ('52', '6');
INSERT INTO `tag_on` VALUES ('52', '29');
INSERT INTO `tag_on` VALUES ('53', '8');
INSERT INTO `tag_on` VALUES ('53', '30');
INSERT INTO `tag_on` VALUES ('54', '35');
INSERT INTO `tag_on` VALUES ('54', '38');
INSERT INTO `tag_on` VALUES ('54', '39');
INSERT INTO `tag_on` VALUES ('54', '31');
INSERT INTO `tag_on` VALUES ('55', '45');
INSERT INTO `tag_on` VALUES ('55', '29');
INSERT INTO `tag_on` VALUES ('55', '11');
INSERT INTO `tag_on` VALUES ('56', '29');
INSERT INTO `tag_on` VALUES ('57', '21');
INSERT INTO `tag_on` VALUES ('57', '3');
INSERT INTO `tag_on` VALUES ('57', '38');
INSERT INTO `tag_on` VALUES ('58', '12');
INSERT INTO `tag_on` VALUES ('59', '12');
INSERT INTO `tag_on` VALUES ('59', '39');
INSERT INTO `tag_on` VALUES ('60', '9');
INSERT INTO `tag_on` VALUES ('61', '17');
INSERT INTO `tag_on` VALUES ('61', '45');
INSERT INTO `tag_on` VALUES ('61', '3');
INSERT INTO `tag_on` VALUES ('62', '12');
INSERT INTO `tag_on` VALUES ('62', '35');
INSERT INTO `tag_on` VALUES ('62', '10');
INSERT INTO `tag_on` VALUES ('63', '34');
INSERT INTO `tag_on` VALUES ('64', '38');
INSERT INTO `tag_on` VALUES ('64', '3');
INSERT INTO `tag_on` VALUES ('64', '28');
INSERT INTO `tag_on` VALUES ('64', '44');
INSERT INTO `tag_on` VALUES ('64', '29');
INSERT INTO `tag_on` VALUES ('64', '22');
INSERT INTO `tag_on` VALUES ('65', '41');
INSERT INTO `tag_on` VALUES ('65', '39');
INSERT INTO `tag_on` VALUES ('66', '12');
INSERT INTO `tag_on` VALUES ('67', '17');
INSERT INTO `tag_on` VALUES ('67', '23');
INSERT INTO `tag_on` VALUES ('67', '29');
INSERT INTO `tag_on` VALUES ('68', '12');
INSERT INTO `tag_on` VALUES ('68', '35');
INSERT INTO `tag_on` VALUES ('69', '29');
INSERT INTO `tag_on` VALUES ('70', '30');
INSERT INTO `tag_on` VALUES ('70', '34');
INSERT INTO `tag_on` VALUES ('71', '45');
INSERT INTO `tag_on` VALUES ('71', '29');
INSERT INTO `tag_on` VALUES ('72', '21');
INSERT INTO `tag_on` VALUES ('73', '45');
INSERT INTO `tag_on` VALUES ('73', '38');
INSERT INTO `tag_on` VALUES ('73', '3');
INSERT INTO `tag_on` VALUES ('73', '22');
INSERT INTO `tag_on` VALUES ('73', '29');
INSERT INTO `tag_on` VALUES ('74', '29');
INSERT INTO `tag_on` VALUES ('75', '28');
INSERT INTO `tag_on` VALUES ('76', '38');
INSERT INTO `tag_on` VALUES ('76', '39');
INSERT INTO `tag_on` VALUES ('76', '12');
INSERT INTO `tag_on` VALUES ('77', '29');
INSERT INTO `tag_on` VALUES ('78', '45');
INSERT INTO `tag_on` VALUES ('79', '9');
INSERT INTO `tag_on` VALUES ('79', '32');
INSERT INTO `tag_on` VALUES ('80', '3');
INSERT INTO `tag_on` VALUES ('80', '46');
INSERT INTO `tag_on` VALUES ('80', '38');
INSERT INTO `tag_on` VALUES ('81', '38');
INSERT INTO `tag_on` VALUES ('81', '23');
INSERT INTO `tag_on` VALUES ('81', '2');
INSERT INTO `tag_on` VALUES ('82', '28');
INSERT INTO `tag_on` VALUES ('83', '34');
INSERT INTO `tag_on` VALUES ('83', '30');
INSERT INTO `tag_on` VALUES ('84', '30');
INSERT INTO `tag_on` VALUES ('84', '8');
INSERT INTO `tag_on` VALUES ('85', '45');
INSERT INTO `tag_on` VALUES ('85', '38');
INSERT INTO `tag_on` VALUES ('86', '38');
INSERT INTO `tag_on` VALUES ('86', '3');
INSERT INTO `tag_on` VALUES ('86', '28');
INSERT INTO `tag_on` VALUES ('87', '43');
INSERT INTO `tag_on` VALUES ('87', '38');
INSERT INTO `tag_on` VALUES ('87', '29');
INSERT INTO `tag_on` VALUES ('88', '16');
INSERT INTO `tag_on` VALUES ('88', '41');
INSERT INTO `tag_on` VALUES ('88', '39');
INSERT INTO `tag_on` VALUES ('89', '45');
INSERT INTO `tag_on` VALUES ('90', '29');
INSERT INTO `tag_on` VALUES ('91', '12');
INSERT INTO `tag_on` VALUES ('92', '28');
INSERT INTO `tag_on` VALUES ('93', '38');
INSERT INTO `tag_on` VALUES ('94', '9');
INSERT INTO `tag_on` VALUES ('94', '7');
INSERT INTO `tag_on` VALUES ('94', '32');
INSERT INTO `tag_on` VALUES ('95', '22');
INSERT INTO `tag_on` VALUES ('95', '35');
INSERT INTO `tag_on` VALUES ('96', '41');
INSERT INTO `tag_on` VALUES ('96', '39');
INSERT INTO `tag_on` VALUES ('97', '13');
INSERT INTO `tag_on` VALUES ('98', '29');
INSERT INTO `tag_on` VALUES ('99', '21');
INSERT INTO `tag_on` VALUES ('99', '39');
INSERT INTO `tag_on` VALUES ('100', '3');
INSERT INTO `tag_on` VALUES ('101', '35');
INSERT INTO `tag_on` VALUES ('101', '31');
INSERT INTO `tag_on` VALUES ('102', '38');
INSERT INTO `tag_on` VALUES ('102', '23');
INSERT INTO `tag_on` VALUES ('103', '3');
INSERT INTO `tag_on` VALUES ('103', '46');
INSERT INTO `tag_on` VALUES ('105', '30');
INSERT INTO `tag_on` VALUES ('105', '34');
INSERT INTO `tag_on` VALUES ('106', '18');
INSERT INTO `tag_on` VALUES ('106', '29');
INSERT INTO `tag_on` VALUES ('107', '38');
INSERT INTO `tag_on` VALUES ('107', '23');
INSERT INTO `tag_on` VALUES ('108', '38');
INSERT INTO `tag_on` VALUES ('108', '45');
INSERT INTO `tag_on` VALUES ('108', '23');
INSERT INTO `tag_on` VALUES ('109', '29');
INSERT INTO `tag_on` VALUES ('110', '12');
INSERT INTO `tag_on` VALUES ('111', '30');
INSERT INTO `tag_on` VALUES ('111', '8');
INSERT INTO `tag_on` VALUES ('112', '12');
INSERT INTO `tag_on` VALUES ('112', '39');
INSERT INTO `tag_on` VALUES ('113', '38');
INSERT INTO `tag_on` VALUES ('114', '32');
INSERT INTO `tag_on` VALUES ('115', '45');
INSERT INTO `tag_on` VALUES ('115', '38');
INSERT INTO `tag_on` VALUES ('116', '35');
INSERT INTO `tag_on` VALUES ('116', '41');
INSERT INTO `tag_on` VALUES ('116', '10');
INSERT INTO `tag_on` VALUES ('117', '45');
INSERT INTO `tag_on` VALUES ('118', '21');
INSERT INTO `tag_on` VALUES ('119', '30');
INSERT INTO `tag_on` VALUES ('120', '45');
INSERT INTO `tag_on` VALUES ('121', '39');
INSERT INTO `tag_on` VALUES ('121', '3');
INSERT INTO `tag_on` VALUES ('122', '45');
INSERT INTO `tag_on` VALUES ('123', '3');
INSERT INTO `tag_on` VALUES ('123', '46');
INSERT INTO `tag_on` VALUES ('124', '3');
INSERT INTO `tag_on` VALUES ('124', '46');
INSERT INTO `tag_on` VALUES ('125', '9');
INSERT INTO `tag_on` VALUES ('126', '43');
INSERT INTO `tag_on` VALUES ('126', '38');
INSERT INTO `tag_on` VALUES ('127', '38');
INSERT INTO `tag_on` VALUES ('127', '22');
INSERT INTO `tag_on` VALUES ('127', '29');
INSERT INTO `tag_on` VALUES ('127', '45');
INSERT INTO `tag_on` VALUES ('127', '39');
INSERT INTO `tag_on` VALUES ('127', '3');
INSERT INTO `tag_on` VALUES ('127', '23');
INSERT INTO `tag_on` VALUES ('128', '23');
INSERT INTO `tag_on` VALUES ('128', '47');
INSERT INTO `tag_on` VALUES ('129', '9');
INSERT INTO `tag_on` VALUES ('129', '36');
INSERT INTO `tag_on` VALUES ('130', '43');
INSERT INTO `tag_on` VALUES ('130', '29');
INSERT INTO `tag_on` VALUES ('132', '31');
INSERT INTO `tag_on` VALUES ('132', '35');
INSERT INTO `tag_on` VALUES ('132', '38');
INSERT INTO `tag_on` VALUES ('132', '10');
INSERT INTO `tag_on` VALUES ('132', '2');
INSERT INTO `tag_on` VALUES ('133', '41');
INSERT INTO `tag_on` VALUES ('133', '12');
INSERT INTO `tag_on` VALUES ('134', '30');
INSERT INTO `tag_on` VALUES ('135', '9');
INSERT INTO `tag_on` VALUES ('136', '38');
INSERT INTO `tag_on` VALUES ('136', '39');
INSERT INTO `tag_on` VALUES ('136', '45');
INSERT INTO `tag_on` VALUES ('137', '29');
INSERT INTO `tag_on` VALUES ('137', '38');
INSERT INTO `tag_on` VALUES ('137', '2');
INSERT INTO `tag_on` VALUES ('138', '30');
INSERT INTO `tag_on` VALUES ('138', '34');
INSERT INTO `tag_on` VALUES ('138', '36');
INSERT INTO `tag_on` VALUES ('139', '38');
INSERT INTO `tag_on` VALUES ('139', '23');
INSERT INTO `tag_on` VALUES ('140', '30');
INSERT INTO `tag_on` VALUES ('140', '19');
INSERT INTO `tag_on` VALUES ('141', '9');
INSERT INTO `tag_on` VALUES ('142', '10');
INSERT INTO `tag_on` VALUES ('142', '29');
INSERT INTO `tag_on` VALUES ('143', '38');
INSERT INTO `tag_on` VALUES ('143', '10');
INSERT INTO `tag_on` VALUES ('143', '35');
INSERT INTO `tag_on` VALUES ('143', '28');
INSERT INTO `tag_on` VALUES ('143', '2');
INSERT INTO `tag_on` VALUES ('143', '45');
INSERT INTO `tag_on` VALUES ('143', '23');
INSERT INTO `tag_on` VALUES ('144', '29');
INSERT INTO `tag_on` VALUES ('145', '37');
INSERT INTO `tag_on` VALUES ('146', '17');
INSERT INTO `tag_on` VALUES ('146', '23');
INSERT INTO `tag_on` VALUES ('146', '45');
INSERT INTO `tag_on` VALUES ('147', '45');
INSERT INTO `tag_on` VALUES ('148', '38');
INSERT INTO `tag_on` VALUES ('148', '28');
INSERT INTO `tag_on` VALUES ('148', '39');
INSERT INTO `tag_on` VALUES ('148', '41');
INSERT INTO `tag_on` VALUES ('148', '22');
INSERT INTO `tag_on` VALUES ('148', '29');
INSERT INTO `tag_on` VALUES ('149', '45');
INSERT INTO `tag_on` VALUES ('150', '43');
INSERT INTO `tag_on` VALUES ('151', '27');
INSERT INTO `tag_on` VALUES ('151', '29');
INSERT INTO `tag_on` VALUES ('152', '22');
INSERT INTO `tag_on` VALUES ('152', '29');
INSERT INTO `tag_on` VALUES ('153', '38');
INSERT INTO `tag_on` VALUES ('153', '23');
INSERT INTO `tag_on` VALUES ('154', '29');
INSERT INTO `tag_on` VALUES ('154', '38');
INSERT INTO `tag_on` VALUES ('154', '2');
INSERT INTO `tag_on` VALUES ('155', '42');
INSERT INTO `tag_on` VALUES ('156', '45');
INSERT INTO `tag_on` VALUES ('156', '38');
INSERT INTO `tag_on` VALUES ('157', '29');
INSERT INTO `tag_on` VALUES ('158', '37');
INSERT INTO `tag_on` VALUES ('159', '21');
INSERT INTO `tag_on` VALUES ('159', '38');
INSERT INTO `tag_on` VALUES ('159', '2');
INSERT INTO `tag_on` VALUES ('160', '45');
INSERT INTO `tag_on` VALUES ('161', '38');
INSERT INTO `tag_on` VALUES ('161', '39');
INSERT INTO `tag_on` VALUES ('161', '35');
INSERT INTO `tag_on` VALUES ('162', '38');
INSERT INTO `tag_on` VALUES ('162', '41');
INSERT INTO `tag_on` VALUES ('162', '39');
INSERT INTO `tag_on` VALUES ('163', '21');
INSERT INTO `tag_on` VALUES ('163', '38');
INSERT INTO `tag_on` VALUES ('164', '29');
INSERT INTO `tag_on` VALUES ('164', '28');
INSERT INTO `tag_on` VALUES ('165', '38');
INSERT INTO `tag_on` VALUES ('165', '39');
INSERT INTO `tag_on` VALUES ('165', '12');
INSERT INTO `tag_on` VALUES ('165', '28');
INSERT INTO `tag_on` VALUES ('167', '29');
INSERT INTO `tag_on` VALUES ('167', '45');
INSERT INTO `tag_on` VALUES ('167', '46');
INSERT INTO `tag_on` VALUES ('167', '3');
INSERT INTO `tag_on` VALUES ('168', '8');
INSERT INTO `tag_on` VALUES ('169', '37');
INSERT INTO `tag_on` VALUES ('170', '21');
INSERT INTO `tag_on` VALUES ('171', '38');
INSERT INTO `tag_on` VALUES ('171', '26');
INSERT INTO `tag_on` VALUES ('172', '36');
INSERT INTO `tag_on` VALUES ('172', '30');
INSERT INTO `tag_on` VALUES ('172', '34');
INSERT INTO `tag_on` VALUES ('173', '12');
INSERT INTO `tag_on` VALUES ('174', '35');
INSERT INTO `tag_on` VALUES ('175', '45');
INSERT INTO `tag_on` VALUES ('176', '38');
INSERT INTO `tag_on` VALUES ('177', '38');
INSERT INTO `tag_on` VALUES ('177', '39');
INSERT INTO `tag_on` VALUES ('177', '2');
INSERT INTO `tag_on` VALUES ('178', '22');
INSERT INTO `tag_on` VALUES ('178', '29');
INSERT INTO `tag_on` VALUES ('178', '28');
INSERT INTO `tag_on` VALUES ('179', '38');
INSERT INTO `tag_on` VALUES ('179', '43');
INSERT INTO `tag_on` VALUES ('180', '22');
INSERT INTO `tag_on` VALUES ('180', '45');
INSERT INTO `tag_on` VALUES ('180', '29');
INSERT INTO `tag_on` VALUES ('180', '28');
INSERT INTO `tag_on` VALUES ('180', '3');
INSERT INTO `tag_on` VALUES ('181', '43');
INSERT INTO `tag_on` VALUES ('181', '29');
INSERT INTO `tag_on` VALUES ('182', '43');
INSERT INTO `tag_on` VALUES ('183', '43');
INSERT INTO `tag_on` VALUES ('184', '38');
INSERT INTO `tag_on` VALUES ('184', '43');
INSERT INTO `tag_on` VALUES ('185', '23');
INSERT INTO `tag_on` VALUES ('185', '38');
INSERT INTO `tag_on` VALUES ('185', '2');
INSERT INTO `tag_on` VALUES ('186', '3');
INSERT INTO `tag_on` VALUES ('186', '46');
INSERT INTO `tag_on` VALUES ('188', '6');
INSERT INTO `tag_on` VALUES ('188', '29');
INSERT INTO `tag_on` VALUES ('189', '38');
INSERT INTO `tag_on` VALUES ('189', '23');
INSERT INTO `tag_on` VALUES ('190', '38');
INSERT INTO `tag_on` VALUES ('190', '10');
INSERT INTO `tag_on` VALUES ('190', '35');
INSERT INTO `tag_on` VALUES ('190', '39');
INSERT INTO `tag_on` VALUES ('191', '34');
INSERT INTO `tag_on` VALUES ('192', '44');
INSERT INTO `tag_on` VALUES ('193', '30');
INSERT INTO `tag_on` VALUES ('193', '8');
INSERT INTO `tag_on` VALUES ('194', '39');
INSERT INTO `tag_on` VALUES ('194', '35');
INSERT INTO `tag_on` VALUES ('195', '3');
INSERT INTO `tag_on` VALUES ('195', '46');
INSERT INTO `tag_on` VALUES ('196', '27');
INSERT INTO `tag_on` VALUES ('196', '29');
INSERT INTO `tag_on` VALUES ('196', '48');
INSERT INTO `tag_on` VALUES ('197', '45');
INSERT INTO `tag_on` VALUES ('197', '1');
INSERT INTO `tag_on` VALUES ('198', '39');
INSERT INTO `tag_on` VALUES ('198', '41');
INSERT INTO `tag_on` VALUES ('198', '38');
INSERT INTO `tag_on` VALUES ('198', '12');
INSERT INTO `tag_on` VALUES ('199', '45');
INSERT INTO `tag_on` VALUES ('200', '9');
INSERT INTO `tag_on` VALUES ('200', '7');
INSERT INTO `tag_on` VALUES ('200', '32');
INSERT INTO `tag_on` VALUES ('201', '21');
INSERT INTO `tag_on` VALUES ('201', '39');
INSERT INTO `tag_on` VALUES ('202', '28');
INSERT INTO `tag_on` VALUES ('203', '39');
INSERT INTO `tag_on` VALUES ('203', '28');
INSERT INTO `tag_on` VALUES ('203', '35');
INSERT INTO `tag_on` VALUES ('204', '41');
INSERT INTO `tag_on` VALUES ('204', '39');
INSERT INTO `tag_on` VALUES ('205', '13');
INSERT INTO `tag_on` VALUES ('206', '41');
INSERT INTO `tag_on` VALUES ('206', '39');
INSERT INTO `tag_on` VALUES ('207', '23');
INSERT INTO `tag_on` VALUES ('207', '45');
INSERT INTO `tag_on` VALUES ('207', '29');
INSERT INTO `tag_on` VALUES ('207', '38');
INSERT INTO `tag_on` VALUES ('207', '39');
INSERT INTO `tag_on` VALUES ('207', '3');
INSERT INTO `tag_on` VALUES ('207', '2');
INSERT INTO `tag_on` VALUES ('208', '45');
INSERT INTO `tag_on` VALUES ('209', '17');
INSERT INTO `tag_on` VALUES ('209', '23');
INSERT INTO `tag_on` VALUES ('209', '45');
INSERT INTO `tag_on` VALUES ('210', '12');
INSERT INTO `tag_on` VALUES ('211', '29');
INSERT INTO `tag_on` VALUES ('212', '38');
INSERT INTO `tag_on` VALUES ('212', '12');
INSERT INTO `tag_on` VALUES ('213', '38');
INSERT INTO `tag_on` VALUES ('213', '35');
INSERT INTO `tag_on` VALUES ('213', '28');
INSERT INTO `tag_on` VALUES ('213', '29');
INSERT INTO `tag_on` VALUES ('213', '12');
INSERT INTO `tag_on` VALUES ('213', '16');
INSERT INTO `tag_on` VALUES ('213', '41');
INSERT INTO `tag_on` VALUES ('213', '22');
INSERT INTO `tag_on` VALUES ('213', '2');
INSERT INTO `tag_on` VALUES ('214', '6');
INSERT INTO `tag_on` VALUES ('214', '29');
INSERT INTO `tag_on` VALUES ('215', '12');
INSERT INTO `tag_on` VALUES ('216', '12');
INSERT INTO `tag_on` VALUES ('216', '35');
INSERT INTO `tag_on` VALUES ('217', '35');
INSERT INTO `tag_on` VALUES ('217', '45');
INSERT INTO `tag_on` VALUES ('218', '12');
INSERT INTO `tag_on` VALUES ('218', '35');
INSERT INTO `tag_on` VALUES ('219', '41');
INSERT INTO `tag_on` VALUES ('219', '21');
INSERT INTO `tag_on` VALUES ('219', '39');
INSERT INTO `tag_on` VALUES ('220', '12');
INSERT INTO `tag_on` VALUES ('220', '41');
INSERT INTO `tag_on` VALUES ('220', '39');
INSERT INTO `tag_on` VALUES ('221', '6');
INSERT INTO `tag_on` VALUES ('221', '29');
INSERT INTO `tag_on` VALUES ('222', '28');
INSERT INTO `tag_on` VALUES ('223', '40');
INSERT INTO `tag_on` VALUES ('223', '45');
INSERT INTO `tag_on` VALUES ('223', '11');
INSERT INTO `tag_on` VALUES ('224', '12');
INSERT INTO `tag_on` VALUES ('224', '28');
INSERT INTO `tag_on` VALUES ('225', '23');
INSERT INTO `tag_on` VALUES ('225', '45');
INSERT INTO `tag_on` VALUES ('225', '29');
INSERT INTO `tag_on` VALUES ('226', '45');
INSERT INTO `tag_on` VALUES ('226', '29');
INSERT INTO `tag_on` VALUES ('227', '38');
INSERT INTO `tag_on` VALUES ('227', '12');
INSERT INTO `tag_on` VALUES ('227', '39');
INSERT INTO `tag_on` VALUES ('228', '45');
INSERT INTO `tag_on` VALUES ('230', '12');
INSERT INTO `tag_on` VALUES ('231', '23');
INSERT INTO `tag_on` VALUES ('231', '45');
INSERT INTO `tag_on` VALUES ('231', '29');
INSERT INTO `tag_on` VALUES ('232', '38');
INSERT INTO `tag_on` VALUES ('232', '35');
INSERT INTO `tag_on` VALUES ('232', '31');
INSERT INTO `tag_on` VALUES ('232', '2');
INSERT INTO `tag_on` VALUES ('232', '39');
INSERT INTO `tag_on` VALUES ('233', '38');
INSERT INTO `tag_on` VALUES ('233', '10');
INSERT INTO `tag_on` VALUES ('233', '35');
INSERT INTO `tag_on` VALUES ('233', '28');
INSERT INTO `tag_on` VALUES ('233', '2');
INSERT INTO `tag_on` VALUES ('234', '38');
INSERT INTO `tag_on` VALUES ('234', '35');
INSERT INTO `tag_on` VALUES ('234', '10');
INSERT INTO `tag_on` VALUES ('234', '39');
INSERT INTO `tag_on` VALUES ('234', '41');
INSERT INTO `tag_on` VALUES ('234', '21');
INSERT INTO `tag_on` VALUES ('235', '22');
INSERT INTO `tag_on` VALUES ('235', '29');
INSERT INTO `tag_on` VALUES ('235', '3');
INSERT INTO `tag_on` VALUES ('236', '6');
INSERT INTO `tag_on` VALUES ('236', '29');
INSERT INTO `tag_on` VALUES ('237', '41');
INSERT INTO `tag_on` VALUES ('237', '39');
INSERT INTO `tag_on` VALUES ('238', '18');
INSERT INTO `tag_on` VALUES ('238', '29');
INSERT INTO `tag_on` VALUES ('239', '6');
INSERT INTO `tag_on` VALUES ('239', '29');
INSERT INTO `tag_on` VALUES ('240', '23');
INSERT INTO `tag_on` VALUES ('240', '29');
INSERT INTO `tag_on` VALUES ('240', '13');
INSERT INTO `tag_on` VALUES ('241', '38');
INSERT INTO `tag_on` VALUES ('241', '41');
INSERT INTO `tag_on` VALUES ('241', '39');
INSERT INTO `tag_on` VALUES ('241', '10');
INSERT INTO `tag_on` VALUES ('241', '35');
INSERT INTO `tag_on` VALUES ('242', '28');
INSERT INTO `tag_on` VALUES ('243', '22');
INSERT INTO `tag_on` VALUES ('243', '38');
INSERT INTO `tag_on` VALUES ('243', '28');
INSERT INTO `tag_on` VALUES ('243', '3');
INSERT INTO `tag_on` VALUES ('243', '44');
INSERT INTO `tag_on` VALUES ('243', '29');
INSERT INTO `tag_on` VALUES ('244', '12');
INSERT INTO `tag_on` VALUES ('244', '29');
INSERT INTO `tag_on` VALUES ('244', '35');

-- ----------------------------
-- Table structure for `user`
-- ----------------------------
DROP TABLE IF EXISTS `user`;
CREATE TABLE `user` (
  `uid` int(11) NOT NULL AUTO_INCREMENT,
  `username` varchar(48) DEFAULT NULL,
  `password` varchar(48) DEFAULT NULL,
  `status` int(2) DEFAULT NULL,
  `createdtime` timestamp NULL DEFAULT NULL ON UPDATE CURRENT_TIMESTAMP,
  `updatedtime` timestamp NULL DEFAULT NULL ON UPDATE CURRENT_TIMESTAMP,
  PRIMARY KEY (`uid`)
) ENGINE=InnoDB AUTO_INCREMENT=3 DEFAULT CHARSET=utf8;

-- ----------------------------
-- Records of user
-- ----------------------------
INSERT INTO `user` VALUES ('1', 'charles00929@gmail.com', '4788fdfba4b4db1ee29e4dc338cbe982', '1', '2016-05-27 14:31:49', '2016-05-27 14:31:49');
INSERT INTO `user` VALUES ('2', 'jill0800@gmail.com', 'daeccf0ad3c1fc8c8015205c332f5b42', '1', '2016-05-27 14:32:41', '2016-05-27 14:32:41');
